<?xml version="1.0" encoding="utf-8" ?> 
<Document type="WebPIF">
  <FirstName>samira 12 samira 12 samira 12 samira 12 samira 12 samira 12 samira 12 samira 12 samira 12 samira 123</FirstName> 
  <MiddleName>samira 12 samira 12 samira 12 samira 12 samira 12 samira 12 samira 12 samira 12 samira 12 samira 123</MiddleName> 
  <LastName>samira 12 samira 12 samira 12 samira 12 samira 12 samira 12 samira 12 samira 12 samira 12 samira 123</LastName> 
  <Gender>Female</Gender> 
  <DateOfBirth>02/03/2014</DateOfBirth> 
  <SocialSecurityNumber>123456789</SocialSecurityNumber> 
  <Address>samira 12 samira 12 samira 12 samira 12 samira 12 samira 12 samira 12 samira 12 samira 12 samira 12 samira 12 samira 12 samira 12 samira 12 samira 12 samira 12 samira 12 samira 12 samira 12 samira 123</Address> 
  <City>samira 12 samira 12 samira 12 samira 12 samira 12 samira 12 samira 12 samira 12 samira 12 samira 123</City> 
  <State>45</State> 
  <Zipcode>12345</Zipcode> 
  <PrimaryPhone>121-121-1234</PrimaryPhone> 
  <SecondryPhone>123-123-1234</SecondryPhone> 
  <TeritaryPhone>786-898-9874</TeritaryPhone> 
  <EmailAddress>samiram@grazitti.com</EmailAddress> 
  <PrefferedContact>Phone</PrefferedContact> 
  <BestTimeToCall>Morning</BestTimeToCall> 
  <EmergencyContact>samira 12 samira 12 samira 12 samira 12 samira 12 samira 12 samira 12 samira 12 samira 12 samira 123</EmergencyContact> 
  <EmergencyPhone>212-234-1234X1234</EmergencyPhone> 
  <EmergencyRelationship>samira 12 samira 12 samira 12 samira 12 samira 12 samira 12 samira 12 samira 12 samira 12 samira 123</EmergencyRelationship> 
 <PrescriberInfo>
  <PrescribingProviderName>samira 12 samira 12 samira 12 samira 12 samira 12 samira 12 samira 12 samira 12 samira 12 samira 123</PrescribingProviderName> 
  <OfficeStreetAddress>samira 12 samira 12 samira 12 samira 12 samira 12 samira 12 samira 12 samira 12 samira 12 samira 12 samira 12 samira 12 samira 12 samira 12 samira 12 samira 12 samira 12 samira 12 samira 12 samira 123</OfficeStreetAddress> 
  <City>samira 12 samira 12 samira 12 samira 12 samira 12 samira 12 samira 12 samira 12 samira 12 samira 123</City> 
  <State>12</State> 
  <Zipcode>12345</Zipcode> 
  <Speciality>samira 12 samira 12 samira 12 samira 12 samira 12 samira 12 samira 12 samira 12 samira 12 samira 123</Speciality> 
  <PhoneNumber>123-567-7891</PhoneNumber> 
  <FaxNumber>121-121-1236</FaxNumber> 
  <GroupPracticeName>samira 12 samira 12 samira 12 samira 12 samira 12 samira 12 samira 12 samira 12 samira 12 samira 123</GroupPracticeName> 
  <OfficeContactName>samira 12 samira 12 samira 12 samira 12 samira 12 samira 12 samira 12 samira 12 samira 12 samira 123</OfficeContactName> 
  </PrescriberInfo>
<PrimaryInsurance>
  <InsuranceName>samira 12 samira 12 samira 12 samira 12 samira 12 samira 12 samira 12 samira 12 samira 12 samira 123</InsuranceName> 
  <MailingStreetAddress>samira 12 samira 12 samira 12 samira 12 samira 12 samira 12 samira 12 samira 12 samira 12 samira 12 samira 12 samira 12 samira 12 samira 12 samira 12 samira 12 samira 12 samira 12 samira 12 samira 123</MailingStreetAddress> 
  <City>samira 12 samira 12 samira 12 samira 12 samira 12 samira 12 samira 12 samira 12 samira 12 samira 123</City> 
  <State>12</State> 
  <ZipCode>12345</ZipCode> 
  <PolicyHolderName>samira 12 samira 12 samira 12 samira 12 samira 12 samira 12 samira 12 samira 12 samira 12 samira 123</PolicyHolderName> 
  <Relationship>Self</Relationship> 
  <Medicare>true</Medicare> 
  <MedicareNumber>samira 12 samira 12 samira 12 samira 12 samira 12 samira 12 samira 12 samira 12 samira 12 samira 123</MedicareNumber> 
  <EmployerName>samira 12 samira 12 samira 12 samira 12 samira 12 samira 12 samira 12 samira 12 samira 12 samira 123</EmployerName> 
  <PhoneNumber>121-121-1234</PhoneNumber> 
  <FaxNumber>121-121-1234</FaxNumber> 
  <PolicyNumber>samira 12 samira 12 samira 12 samira 12 samira 12 samira 12 samira 12 samira 12 samira 12 samira 123</PolicyNumber> 
  <GroupNumber>samira 12 samira 12 samira 12 samira 12 samira 12 samira 12 samira 12 samira 12 samira 12 samira 123</GroupNumber> 
  <PlanType>HMO</PlanType> 
  <PolicyHolderDOB>02/05/2014</PolicyHolderDOB> 
  <PolicyHolderSocialSecurityNumber>123456789</PolicyHolderSocialSecurityNumber> 
  </PrimaryInsurance>
 <SecondaryInsurance>
  <InsuranceName>samira 12 samira 12 samira 12 samira 12 samira 12 samira 12 samira 12 samira 12 samira 12 samira 123</InsuranceName> 
  <MailingStreetAddress>samira 12 samira 12 samira 12 samira 12 samira 12 samira 12 samira 12 samira 12 samira 12 samira 12 samira 12 samira 12 samira 12 samira 12 samira 12 samira 12 samira 12 samira 12 samira 12 samira 123</MailingStreetAddress> 
  <City>samira 12 samira 12 samira 12 samira 12 samira 12 samira 12 samira 12 samira 12 samira 12 samira 123</City> 
  <State>12</State> 
  <ZipCode>12345</ZipCode> 
  <PolicyHolderName>samira 12 samira 12 samira 12 samira 12 samira 12 samira 12 samira 12 samira 12 samira 12 samira 123</PolicyHolderName> 
  <Relationship>Self</Relationship> 
  <Medicare>true</Medicare> 
  <MedicareNumber>samira 12 samira 12 samira 12 samira 12 samira 12 samira 12 samira 12 samira 12 samira 12 samira 123</MedicareNumber> 
  <EmployerName>samira 12 samira 12 samira 12 samira 12 samira 12 samira 12 samira 12 samira 12 samira 12 samira 123</EmployerName> 
  <PhoneNumber>121-121-1234</PhoneNumber> 
  <FaxNumber>121-121-1234</FaxNumber> 
  <PolicyNumber>samira 12 samira 12 samira 12 samira 12 samira 12 samira 12 samira 12 samira 12 samira 12 samira 123</PolicyNumber> 
  <GroupNumber>samira 12 samira 12 samira 12 samira 12 samira 12 samira 12 samira 12 samira 12 samira 12 samira 123</GroupNumber> 
  <PlanType>HMO</PlanType> 
  <PolicyHolderDOB>02/11/2014</PolicyHolderDOB> 
  <PolicyHolderSocialSecurityNumber>123232323</PolicyHolderSocialSecurityNumber> 
  </SecondaryInsurance>
<SignedDocument>
  <Name>samira 12 samira 12 samira 12 samira 12 samira 12 samira 12 samira 12 samira 12 samira 12 samira 123samira 12 samira 12 samira 12 samira 12 samira 12 samira 12 samira 12 samira 12 samira 12 samira 123_0213141344.pdf</Name> 
  <Content /> 
  </SignedDocument>
  </Document>