<?xml version="1.0" encoding="utf-8" ?> 
<Document type="WebPIF">
  <FirstName>samira 12</FirstName> 
  <MiddleName>samira 12</MiddleName> 
  <LastName>samira12</LastName> 
  <Gender>Female</Gender> 
  <DateOfBirth>02/03/2014</DateOfBirth> 
  <SocialSecurityNumber>123456789</SocialSecurityNumber> 
  <Address>samira 12 samira 12</Address> 
  <City>samira12</City> 
  <State>45</State> 
  <Zipcode>12345</Zipcode> 
  <PrimaryPhone>121-121-1234</PrimaryPhone> 
  <SecondryPhone>123-123-1234</SecondryPhone> 
  <TeritaryPhone>786-898-9874</TeritaryPhone> 
  <EmailAddress>samiram@grazitti.com</EmailAddress> 
  <PrefferedContact>Phone</PrefferedContact> 
  <BestTimeToCall>Morning</BestTimeToCall> 
  <EmergencyContact>samira12</EmergencyContact> 
  <EmergencyPhone>212-234-1234X1234</EmergencyPhone> 
  <EmergencyRelationship>samira12</EmergencyRelationship> 
 <PrescriberInfo>
  <PrescribingProviderName>samira12</PrescribingProviderName> 
  <OfficeStreetAddress>samira 12 samira 12 samira 12 samira 12 samira 12 samira 12 samira 12 samira 12 samira 12 samira 12 samira12</OfficeStreetAddress> 
  <City>samira12</City> 
  <State>12</State> 
  <Zipcode>12345</Zipcode> 
  <Speciality>samira12</Speciality> 
  <PhoneNumber>123-567-7891</PhoneNumber> 
  <FaxNumber>121-121-1236</FaxNumber> 
  <GroupPracticeName>samira12</GroupPracticeName> 
  <OfficeContactName>samira12</OfficeContactName> 
  </PrescriberInfo>
<PrimaryInsurance>
  <InsuranceName>samira12</InsuranceName> 
  <MailingStreetAddress>samira 12</MailingStreetAddress> 
  <City>samira12</City> 
  <State>12</State> 
  <ZipCode>12345</ZipCode> 
  <PolicyHolderName>samira12</PolicyHolderName> 
  <Relationship>Self</Relationship> 
  <Medicare>true</Medicare> 
  <MedicareNumber>samira12</MedicareNumber> 
  <EmployerName>samira12</EmployerName> 
  <PhoneNumber>121-121-1234</PhoneNumber> 
  <FaxNumber>121-121-1234</FaxNumber> 
  <PolicyNumber>samira12</PolicyNumber> 
  <GroupNumber>samira12</GroupNumber> 
  <PlanType>HMO</PlanType> 
  <PolicyHolderDOB>02/05/2014</PolicyHolderDOB> 
  <PolicyHolderSocialSecurityNumber>123456789</PolicyHolderSocialSecurityNumber> 
  </PrimaryInsurance>
 <SecondaryInsurance>
  <InsuranceName>samira12</InsuranceName> 
  <MailingStreetAddress>samira 12</MailingStreetAddress> 
  <City>samira12</City> 
  <State>12</State> 
  <ZipCode>12345</ZipCode> 
  <PolicyHolderName>samira12</PolicyHolderName> 
  <Relationship>Self</Relationship> 
  <Medicare>true</Medicare> 
  <MedicareNumber>samira12</MedicareNumber> 
  <EmployerName>samira12</EmployerName> 
  <PhoneNumber>121-121-1234</PhoneNumber> 
  <FaxNumber>121-121-1234</FaxNumber> 
  <PolicyNumber>samira12</PolicyNumber> 
  <GroupNumber>samira12</GroupNumber> 
  <PlanType>HMO</PlanType> 
  <PolicyHolderDOB>02/11/2014</PolicyHolderDOB> 
  <PolicyHolderSocialSecurityNumber>123232323</PolicyHolderSocialSecurityNumber> 
  </SecondaryInsurance>
<SignedDocument>
  <Name>samira12samira12_0213141344.pdf</Name> 
  <Content /> 
  </SignedDocument>
  </Document>